id,first_name,last_name,gender,email,city,state
1,Phillipp,Henworth,Agender,phenworth0@addthis.com,San José de los Remates,
2,Hetti,Swains,Genderqueer,hswains1@nba.com,Grenoble,Rhône-Alpes
3,Ines,Standage,Bigender,istandage2@taobao.com,Koroyo,
4,Jacquelin,Breslin,Genderqueer,jbreslin3@auda.org.au,Huanfeng,
5,Eddy,Pressey,Non-binary,epressey4@wp.com,Červené Pečky,
6,Tove,McFeate,Genderqueer,tmcfeate5@yolasite.com,München,Bayern
7,Celia,Tantrum,Agender,ctantrum6@pagesperso-orange.fr,Sufang,
8,Corrie,Prattington,Genderfluid,cprattington7@acquirethisname.com,Radiměř,
9,Ursulina,McIleen,Genderqueer,umcileen8@illinois.edu,Fort Wayne,Indiana
10,Gar,Dronsfield,Agender,gdronsfield9@shinystat.com,Czarna,
11,Janella,Ninnotti,Polygender,jninnottia@reuters.com,Bålsta,Uppsala
12,Katusha,Dominik,Genderqueer,kdominikb@washington.edu,Severoural’sk,
13,Earlie,Byres,Genderfluid,ebyresc@unblog.fr,Sukaraja,
14,Beulah,Baddoe,Polygender,bbaddoed@aboutads.info,Kuala Lumpur,Kuala Lumpur
15,Mirabella,Potteril,Bigender,mpotterile@google.ru,Santiago,Mexico
16,Goldy,McCambrois,Genderqueer,gmccambroisf@ucla.edu,Yunji,
17,Lexy,Cribbin,Genderfluid,lcribbing@stanford.edu,Usevia,
18,Pancho,Cogley,Polygender,pcogleyh@ucoz.com,Liuliping,
19,Bevvy,Clery,Non-binary,bcleryi@wikia.com,Chengxiang,
20,Teddie,Reditt,Female,tredittj@arizona.edu,Huangshanguan,